Code,Ending
SRTFC04020001,5 (test)
SRTFC04020045,
SRTFC04020117,
SRTFC04020118,
SRTFC04020022,
SRTFC04020043,
SRTFC04020071,
SRTFD04020018,
SRTFD04010002,
SRTFD04020041,
SRTFD04020027,
SRTFC04020031,
SRTFD04060015,
PASFD01010056,
SRTFD08020036,
SRTFD08020035,
SRTFD08020037,
SRTFD07030002,
SRTFC07030003,
SRTFC07020001,
SRTFC07020008,
SRTFC07020018,
SRTFC07020026,
SRTFD01010002,
SRTFD01060002,
SRTFD01040015,
SRTFD01050031,
SRTFD01030018,
SRTFD01030028,
SRTFD01050027,
SRTFD03040027,
SRTFD03020030,
SRTFD03020011,
SRTFD03020009,
SRTFD03020012,
SRTFD03040023,
SRTFD04070021,
SRTFD04070028,
SRTFD03040031,
SRTFD03020050,
SRTFD03020049,
SRTFD03020045,
SRTFD04070030,
SRTFD03040039,
SRTFD03020055,
SRTFD03020034,
SRTFD05010111,
SRTFD03020056,
SRTFD04020049,
SRTFD01050021,
SRTFD01050020,
SRTFD01050022,
SRTFD01050040,
SRTFD01050030,
SRTFD01020041,
SRTFD01020042,
SRTFD01020043,
SRTFD01030012,
SRTFD01070004,
SRTFD01070027,
SRTFD01070074,
SRTFD01070050,
SRTFD01070051,
SRTFD01070062,
SRTFD01070077,
SRTFD01070078,
SRTFD04070006,
SRTFD04080039,
SRTND04020279,
SRTND04020375,
SRTND04020348,
SRTND04020349,
SRTND04020350,
SRTND04020378,
SRTND04020002,
SRTND04020085,
SRTND04030276,
SRTND04030277,
SRTND04030278,
SRTND04030279,
SRTND04030236,
SRTND04030237,
SRTND04030238,
SRTFD04010032,
SRTFD04010031,
SRTFD09020006,
SRTFD09020007,
SRTFC04020055,
SRTFC04020059,
SRTFC04020060,
SRTFD08020038,
PASFD01010102,
PASFD01010076,
PASFD01010041,
SRTFD01040013,
SRTFD01040014,
SRTFD01040010,
SRTND07010472,
SRTND07010382,
SRTND07010396,
SRTND07010416,
SRTND07010401,
SRTND07010427,
SRTND07010445,
SRTND07010420,
SRTND07010430,
SRTND07010480,
SRTFD04020001,
SRTFD09010003,
SRTFD09010013,
SRTFD01070075,
SRTFD09010014,
SRTFD05050041,
SRTFF01060001,
SRTFD03030063,
SRTFD03010015,
SRTFD03010053,
SRTND04030040,
SRTND04030268,
SRTND04030090,
SRTND04030092,
SRTND04030227,
SRTND04050004,
SRTND04020373,
SRTND04020020,
SRTND04030262,
SRTND07020039,
SRTND04020307,
SRTND04020308,
SRTFD05010047,
SRTND04050030,
SRTND04030229,
SRTND04050032,
SRTND04020352,
SRTND04020361,
SRTND04020234,
SRTND06020057,
